t_ms,equity
1787518800000,400.00
1787519100000,400.00
1787519400000,400.00
1787519700000,400.00
1787520000000,400.00
1787520300000,400.00
1787520600000,400.00
1787520900000,400.00
1787521200000,400.00
1787521500000,400.00
1787521800000,400.00
1787522100000,400.00
1787522400000,400.00
1787522700000,400.00
1787523000000,400.00
1787523300000,400.00
1787523600000,400.00
1787523900000,400.00
1787524200000,400.00
1787524500000,400.00
1787524800000,400.00
1787525100000,400.00
1787525400000,400.00
1787525700000,400.00
1787526000000,400.00
1787526300000,400.00
1787526600000,400.00
1787526900000,400.00
1787527200000,400.00
1787527500000,400.00
1787527800000,400.00
1787528100000,400.00
1787528400000,400.00
1787528700000,400.00
1787529000000,400.00
1787529300000,400.00
1787529600000,400.00
1787529900000,400.00
1787530200000,400.00
1787530500000,400.00
1787530800000,400.00
1787531100000,400.00
1787531400000,400.00
1787531700000,400.00
1787532000000,400.00
1787532300000,400.00
1787532600000,400.00
1787532900000,400.00
1787533200000,400.00
1787533500000,400.00
1787533800000,400.00
1787534100000,400.00
1787534400000,400.00
1787534700000,400.00
1787535000000,400.00
1787535300000,400.00
1787535600000,400.00
1787535900000,400.00
1787536200000,400.00
1787536500000,400.00
1787536800000,400.00
1787537100000,400.00
1787537400000,400.00
1787537700000,400.00
1787538000000,400.00
1787538300000,400.00
1787538600000,400.00
1787538900000,400.00
1787539200000,400.00
1787539500000,400.00
1787539800000,400.00
1787540100000,400.00
1787540400000,400.00
1787540700000,400.00
1787541000000,400.00
1787541300000,400.00
1787541600000,400.00
1787541900000,400.00
1787542200000,400.00
1787542500000,400.00
1787542800000,400.00
1787543100000,400.00
1787543400000,400.00
1787543700000,400.00
1787544000000,400.00
1787544300000,400.00
1787544600000,400.00
1787544900000,400.00
1787545200000,400.00
1787545500000,400.00
1787545800000,400.00
1787546100000,400.00
1787546400000,400.00
1787546700000,400.00
1787547000000,400.00
1787547300000,400.00
1787547600000,400.00
1787547900000,400.00
1787548200000,400.00
1787548500000,400.00
1787548800000,400.00
1787549100000,400.00
1787549400000,400.00
1787549700000,400.00
1787550000000,400.00
1787550300000,400.00
1787550600000,400.00
1787550900000,400.00
1787551200000,400.00
1787551500000,400.00
1787551800000,400.00
1787552100000,400.00
1787552400000,400.00
1787552700000,400.00
1787553000000,400.00
1787553300000,400.00
1787553600000,400.00
1787553900000,400.00
1787554200000,400.00
1787554500000,400.00
1787554800000,400.00
1787555100000,400.00
1787555400000,400.00
1787555700000,400.00
1787556000000,400.00
1787556300000,400.00
1787556600000,400.00
1787556900000,400.00
1787557200000,400.00
1787557500000,400.00
1787557800000,400.00
1787558100000,400.00
1787558400000,400.00
1787558700000,400.00
1787559000000,400.00
1787559300000,400.00
1787559600000,400.00
1787559900000,400.00
1787560200000,400.00
1787560500000,400.00
1787560800000,400.00
1787561100000,400.00
1787561400000,400.00
1787561700000,400.00
1787562000000,400.00
1787562300000,400.00
1787562600000,400.00
1787562900000,400.00
1787563200000,400.00
1787563500000,400.00
1787563800000,400.00
1787564100000,400.00
1787564400000,400.00
1787564700000,400.00
1787565000000,400.00
1787565300000,400.00
1787565600000,400.00
1787565900000,400.00
1787566200000,400.00
1787566500000,400.00
1787566800000,400.00
1787567100000,400.00
1787567400000,400.00
1787567700000,400.00
1787568000000,400.00
1787568300000,400.00
1787568600000,400.00
1787568900000,400.00
1787569200000,400.00
1787569500000,400.00
1787569800000,400.00
1787570100000,400.00
1787570400000,400.00
1787570700000,400.00
1787571000000,400.00
1787571300000,400.00
1787571600000,400.00
1787571900000,400.00
1787572200000,400.00
1787572500000,400.00
1787572800000,400.00
1787573100000,400.00
1787573400000,400.00
1787573700000,400.00
1787574000000,400.00
1787574300000,400.00
1787574600000,400.00
1787574900000,400.00
1787575200000,400.00
1787575500000,400.00
1787575800000,400.00
1787576100000,400.00
1787576400000,400.00
1787576700000,400.00
1787577000000,400.00
1787577300000,400.00
1787577600000,400.00
1787577900000,400.00
1787578200000,400.00
1787578500000,400.00
1787578800000,400.00
1787579100000,400.00
1787579400000,400.00
1787579700000,400.00
1787580000000,400.00
1787580300000,400.00
1787580600000,400.00
1787580900000,400.00
1787581200000,400.00
1787581500000,400.00
1787581800000,400.00
1787582100000,400.00
1787582400000,400.00
1787582700000,400.00
1787583000000,400.00
1787583300000,400.00
1787583600000,400.00
1787583900000,400.00
1787584200000,400.00
1787584500000,400.00
1787584800000,400.00
1787585100000,400.00
1787585400000,400.00
1787585700000,400.00
1787586000000,400.00
1787586300000,400.00
1787586600000,400.00
1787586900000,400.00
1787587200000,400.00
1787587500000,400.00
1787587800000,400.00
1787588100000,400.00
1787588400000,400.00
1787588700000,400.00
1787589000000,400.00
1787589300000,400.00
1787589600000,400.00
1787589900000,400.00
1787590200000,400.00
1787590500000,400.00
1787590800000,400.00
1787591100000,400.00
1787591400000,400.00
1787591700000,400.00
1787592000000,400.00
1787592300000,400.00
1787592600000,400.00
1787592900000,400.00
1787593200000,400.00
1787593500000,400.00
1787593800000,400.00
1787594100000,400.00
1787594400000,400.00
1787594700000,400.00
1787595000000,400.00
1787595300000,400.00
1787595600000,400.00
1787595900000,400.00
1787596200000,400.00
1787596500000,400.00
1787596800000,400.00
1787597100000,400.00
1787597400000,400.00
1787597700000,400.00
1787598000000,400.00
1787598300000,400.00
1787598600000,400.00
1787598900000,400.00
1787599200000,400.00
1787599500000,400.00
1787599800000,400.00
1787600100000,400.00
1787600400000,400.00
1787600700000,400.00
1787601000000,400.00
1787601300000,400.00
1787601600000,400.00
1787601900000,400.00
1787602200000,400.00
1787602500000,400.00
1787602800000,400.00
1787603100000,400.00
1787603400000,400.00
1787603700000,400.00
1787604000000,400.00
1787604300000,400.00
1787604600000,400.00
1787604900000,400.00
1787605200000,400.00
1787605500000,400.00
1787605800000,400.00
1787606100000,400.00
1787606400000,400.00
1787606700000,400.00
1787607000000,400.00
1787607300000,400.00
1787607600000,400.00
1787607900000,400.00
1787608200000,400.00
1787608500000,400.00
1787608800000,400.00
1787609100000,400.00
1787609400000,400.00
1787609700000,400.00
1787610000000,400.00
1787610300000,400.00
1787610600000,400.00
1787610900000,400.00
1787611200000,400.00
1787611500000,400.00
1787611800000,400.00
1787612100000,400.00
1787612400000,400.00
1787612700000,400.00
1787613000000,400.00
1787613300000,400.00
1787613600000,400.00
1787613900000,400.00
1787614200000,400.00
1787614500000,400.00
1787614800000,400.00
1787615100000,400.00
1787615400000,400.00
1787615700000,400.00
1787616000000,400.00
1787616300000,400.00
1787616600000,400.00
1787616900000,400.00
1787617200000,400.00
1787617500000,400.00
1787617800000,400.00
1787618100000,400.00
1787618400000,400.00
1787618700000,400.00
1787619000000,400.00
1787619300000,400.00
1787619600000,400.00
1787619900000,400.00
1787620200000,400.00
1787620500000,400.00
1787620800000,400.00
1787621100000,400.00
1787621400000,400.00
1787621700000,400.00
1787622000000,400.00
1787622300000,400.00
1787622600000,400.00
1787622900000,400.00
1787623200000,400.00
1787623500000,400.00
1787623800000,400.00
1787624100000,400.00
1787624400000,400.00
1787624700000,400.00
1787625000000,400.00
1787625300000,400.00
1787625600000,400.00
1787625900000,400.00
1787626200000,400.00
1787626500000,400.00
1787626800000,400.00
1787627100000,400.00
1787627400000,400.00
1787627700000,400.00
1787628000000,400.00
1787628300000,400.00
1787628600000,400.00
1787628900000,400.00
1787629200000,400.00
1787629500000,400.00
1787629800000,400.00
1787630100000,400.00
1787630400000,400.00
1787630700000,400.00
1787631000000,400.00
1787631300000,400.00
1787631600000,400.00
1787631900000,400.00
1787632200000,400.00
1787632500000,400.00
1787632800000,400.00
1787633100000,400.00
1787633400000,400.00
1787633700000,400.00
1787634000000,400.00
1787634300000,400.00
1787634600000,400.00
1787634900000,400.00
1787635200000,400.00
1787635500000,400.00
1787635800000,400.00
1787636100000,400.00
1787636400000,400.00
1787636700000,400.00
1787637000000,400.00
1787637300000,400.00
1787637600000,400.00
1787637900000,400.00
1787638200000,400.00
1787638500000,400.00
1787638800000,400.00
1787639100000,400.00
1787639400000,400.00
1787639700000,400.00
1787640000000,400.00
1787640300000,400.00
1787640600000,400.00
1787640900000,400.00
1787641200000,400.00
1787641500000,400.00
1787641800000,400.00
1787642100000,400.00
1787642400000,400.00
1787642700000,400.00
1787643000000,400.00
1787643300000,400.00
1787643600000,400.00
1787643900000,400.00
1787644200000,400.00
1787644500000,400.00
1787644800000,400.00
1787645100000,400.00
1787645400000,400.00
1787645700000,400.00
1787646000000,400.00
1787646300000,400.00
1787646600000,400.00
1787646900000,400.00
1787647200000,400.00
1787647500000,400.00
1787647800000,400.00
1787648100000,400.00
1787648400000,400.00
1787648700000,400.00
1787649000000,400.00
1787649300000,400.00
1787649600000,400.00
1787649900000,400.00
1787650200000,400.00
1787650500000,400.00
1787650800000,400.00
1787651100000,400.00
1787651400000,400.00
1787651700000,400.00
1787652000000,400.00
1787652300000,400.00
1787652600000,400.00
1787652900000,400.00
1787653200000,400.00
1787653500000,400.00
1787653800000,400.00
1787654100000,400.00
1787654400000,400.00
1787654700000,400.00
1787655000000,400.00
1787655300000,400.00
1787655600000,400.00
1787655900000,400.00
1787656200000,400.00
1787656500000,400.00
1787656800000,400.00
1787657100000,400.00
1787657400000,400.00
1787657700000,400.00
1787658000000,400.00
1787658300000,400.00
1787658600000,400.00
1787658900000,400.00
1787659200000,400.00
1787659500000,400.00
1787659800000,400.00
1787660100000,400.00
1787660400000,400.00
1787660700000,400.00
1787661000000,400.00
1787661300000,400.00
1787661600000,400.00
1787661900000,400.00
1787662200000,400.00
1787662500000,400.00
1787662800000,400.00
1787663100000,400.00
1787663400000,400.00
1787663700000,400.00
1787664000000,400.00
1787664300000,400.00
1787664600000,400.00
1787664900000,400.00
1787665200000,400.00
1787665500000,400.00
1787665800000,400.00
1787666100000,400.00
1787666400000,400.00
1787666700000,400.00
1787667000000,400.00
1787667300000,400.00
1787667600000,400.00
1787667900000,400.00
1787668200000,400.00
1787668500000,400.00
1787668800000,400.00
1787669100000,400.00
1787669400000,400.00
1787669700000,400.00
1787670000000,400.00
1787670300000,400.00
1787670600000,400.00
1787670900000,400.00
1787671200000,400.00
1787671500000,400.00
1787671800000,400.00
1787672100000,400.00
1787672400000,400.00
1787672700000,400.00
1787673000000,400.00
1787673300000,400.00
1787673600000,400.00
1787673900000,400.00
1787674200000,400.00
1787674500000,400.00
1787674800000,400.00
1787675100000,400.00
1787675400000,400.00
1787675700000,400.00
1787676000000,400.00
1787676300000,400.00
1787676600000,400.00
1787676900000,400.00
1787677200000,400.00
1787677500000,400.00
1787677800000,400.00
1787678100000,400.00
1787678400000,400.00
1787678700000,400.00
1787679000000,400.00
1787679300000,400.00
1787679600000,400.00
1787679900000,400.00
1787680200000,400.00
1787680500000,400.00
1787680800000,400.00
1787681100000,400.00
1787681400000,400.00
1787681700000,400.00
1787682000000,400.00
1787682300000,400.00
1787682600000,400.00
1787682900000,400.00
1787683200000,400.00
1787683500000,400.00
1787683800000,400.00
1787684100000,400.00
1787684400000,400.00
1787684700000,400.00
1787685000000,400.00
1787685300000,435.75
1787685600000,435.75
1787685900000,435.75
1787686200000,435.75
1787686500000,435.75
1787686800000,435.75
1787687100000,435.75
1787687400000,435.75
1787687700000,435.75
1787688000000,435.75
1787688300000,435.75
1787688600000,435.75
1787688900000,435.75
1787689200000,435.75
1787689500000,435.75
1787689800000,435.75
1787690100000,435.75
1787690400000,435.75
1787690700000,435.75
1787691000000,435.75
1787691300000,435.75
1787691600000,435.75
1787691900000,435.75
1787692200000,435.75
1787692500000,435.75
1787692800000,435.75
1787693100000,435.75
1787693400000,435.75
1787693700000,435.75
1787694000000,435.75
1787694300000,435.75
1787694600000,435.75
1787694900000,435.75
1787695200000,435.75
1787695500000,435.75
1787695800000,435.75
1787696100000,435.75
1787696400000,435.75
1787696700000,435.75
1787697000000,435.75
1787697300000,435.75
1787697600000,435.75
1787697900000,435.75
1787698200000,435.75
1787698500000,435.75
1787698800000,435.75
1787699100000,435.75
1787699400000,435.75
1787699700000,435.75
1787700000000,435.75
1787700300000,435.75
1787700600000,435.75
1787700900000,435.75
1787701200000,435.75
1787701500000,435.75
1787701800000,435.75
1787702100000,435.75
1787702400000,435.75
1787702700000,435.75
1787703000000,435.75
1787703300000,435.75
1787703600000,435.75
1787703900000,435.75
1787704200000,435.75
1787704500000,435.75
1787704800000,435.75
1787705100000,435.75
1787705400000,435.75
1787705700000,435.75
1787706000000,435.75
1787706300000,435.75
1787706600000,435.75
1787706900000,435.75
1787707200000,435.75
1787707500000,435.75
1787707800000,435.75
1787708100000,435.75
1787708400000,435.75
1787708700000,435.75
1787709000000,435.75
1787709300000,435.75
1787709600000,435.75
1787709900000,435.75
1787710200000,435.75
1787710500000,435.75
1787710800000,435.75
1787711100000,435.75
1787711400000,435.75
1787711700000,435.75
1787712000000,435.75
1787712300000,435.75
1787712600000,435.75
1787712900000,435.75
1787713200000,435.75
1787713500000,435.75
1787713800000,435.75
1787714100000,435.75
1787714400000,435.75
1787714700000,435.75
1787715000000,435.75
1787715300000,435.75
1787715600000,435.75
1787715900000,435.75
1787716200000,435.75
1787716500000,435.75
1787716800000,435.75
1787717100000,435.75
1787717400000,435.75
1787717700000,435.75
1787718000000,435.75
1787718300000,435.75
1787718600000,435.75
1787718900000,435.75
1787719200000,435.75
1787719500000,435.75
1787719800000,435.75
1787720100000,435.75
1787720400000,435.75
1787720700000,435.75
1787721000000,435.75
1787721300000,435.75
1787721600000,435.75
1787721900000,435.75
1787722200000,435.75
1787722500000,435.75
1787722800000,435.75
1787723100000,435.75
1787723400000,435.75
1787723700000,435.75
1787724000000,435.75
1787724300000,435.75
1787724600000,435.75
1787724900000,435.75
1787725200000,435.75
1787725500000,435.75
1787725800000,435.75
1787726100000,435.75
1787726400000,435.75
1787726700000,435.75
1787727000000,435.75
1787727300000,435.75
1787727600000,435.75
1787727900000,435.75
1787728200000,435.75
1787728500000,435.75
1787728800000,435.75
1787729100000,435.75
1787729400000,435.75
1787729700000,435.75
1787730000000,435.75
1787730300000,435.75
1787730600000,435.75
1787730900000,435.75
1787731200000,435.75
1787731500000,435.75
1787731800000,435.75
1787732100000,435.75
1787732400000,435.75
1787732700000,435.75
1787733000000,435.75
1787733300000,435.75
1787733600000,435.75
1787733900000,435.75
1787734200000,435.75
1787734500000,435.75
1787734800000,435.75
1787735100000,435.75
1787735400000,435.75
1787735700000,435.75
1787736000000,435.75
1787736300000,435.75
1787736600000,435.75
1787736900000,435.75
1787737200000,435.75
1787737500000,435.75
1787737800000,435.75
1787738100000,435.75
1787738400000,435.75
1787738700000,435.75
1787739000000,435.75
1787739300000,435.75
1787739600000,435.75
1787739900000,435.75
1787740200000,435.75
1787740500000,435.75
1787740800000,435.75
1787741100000,435.75
1787741400000,435.75
1787741700000,435.75
1787742000000,435.75
1787742300000,435.75
1787742600000,435.75
1787742900000,435.75
1787743200000,435.75
1787743500000,435.75
1787743800000,435.75
1787744100000,435.75
1787744400000,435.75
1787744700000,435.75
1787745000000,435.75
1787745300000,435.75
1787745600000,435.75
1787745900000,435.75
1787746200000,435.75
1787746500000,435.75
1787746800000,435.75
1787747100000,435.75
1787747400000,435.75
1787747700000,435.75
1787748000000,435.75
1787748300000,435.75
1787748600000,435.75
1787748900000,435.75
1787749200000,435.75
1787749500000,435.75
1787749800000,435.75
1787750100000,435.75
1787750400000,435.75
1787750700000,435.75
1787751000000,435.75
1787751300000,435.75
1787751600000,435.75
1787751900000,435.75
1787752200000,435.75
1787752500000,435.75
1787752800000,435.75
1787753100000,435.75
1787753400000,435.75
1787753700000,435.75
1787754000000,435.75
1787754300000,435.75
1787754600000,435.75
1787754900000,435.75
1787755200000,435.75
1787755500000,435.75
1787755800000,435.75
1787756100000,435.75
1787756400000,435.75
1787756700000,435.75
1787757000000,435.75
1787757300000,435.75
1787757600000,435.75
1787757900000,435.75
1787758200000,435.75
1787758500000,435.75
1787758800000,435.75
1787759100000,435.75
1787759400000,435.75
1787759700000,435.75
1787760000000,435.75
1787760300000,435.75
1787760600000,435.75
1787760900000,435.75
1787761200000,435.75
1787761500000,435.75
1787761800000,435.75
1787762100000,435.75
1787762400000,435.75
1787762700000,435.75
1787763000000,435.75
1787763300000,435.75
1787763600000,435.75
1787763900000,435.75
1787764200000,435.75
1787764500000,435.75
1787764800000,435.75
1787765100000,435.75
1787765400000,435.75
1787765700000,435.75
1787766000000,435.75
1787766300000,435.75
1787766600000,435.75
1787766900000,435.75
1787767200000,435.75
1787767500000,435.75
1787767800000,435.75
1787768100000,435.75
1787768400000,435.75
1787768700000,435.75
1787769000000,435.75
1787769300000,435.75
1787769600000,435.75
1787769900000,435.75
1787770200000,435.75
1787770500000,435.75
1787770800000,435.75
1787771100000,435.75
1787771400000,435.75
1787771700000,435.75
1787772000000,435.75
1787772300000,435.75
1787772600000,435.75
1787772900000,435.75
1787773200000,435.75
1787773500000,435.75
1787773800000,435.75
1787774100000,435.75
1787774400000,435.75
1787774700000,435.75
1787775000000,435.75
1787775300000,435.75
1787775600000,435.75
1787775900000,435.75
1787776200000,435.75
1787776500000,435.75
1787776800000,435.75
1787777100000,435.75
1787777400000,435.75
1787777700000,435.75
1787778000000,435.75
1787778300000,435.75
1787778600000,435.75
1787778900000,435.75
1787779200000,435.75
1787779500000,435.75
1787779800000,435.75
1787780100000,435.75
1787780400000,435.75
1787780700000,435.75
1787781000000,435.75
1787781300000,435.75
1787781600000,435.75
1787781900000,435.75
1787782200000,435.75
1787782500000,435.75
1787782800000,435.75
1787783100000,435.75
1787783400000,435.75
1787783700000,435.75
1787784000000,435.75
1787784300000,435.75
1787784600000,435.75
1787784900000,435.75
1787785200000,435.75
1787785500000,435.75
1787785800000,435.75
1787786100000,435.75
1787786400000,435.75
1787786700000,435.75
1787787000000,435.75
1787787300000,435.75
1787787600000,435.75
1787787900000,435.75
1787788200000,435.75
1787788500000,435.75
1787788800000,435.75
1787789100000,435.75
1787789400000,435.75
1787789700000,435.75
1787790000000,435.75
1787790300000,435.75
1787790600000,435.75
1787790900000,435.75
1787791200000,435.75
1787791500000,435.75
1787791800000,435.75
1787792100000,435.75
1787792400000,435.75
1787792700000,435.75
1787793000000,435.75
1787793300000,435.75
1787793600000,435.75
1787793900000,435.75
1787794200000,435.75
1787794500000,435.75
1787794800000,435.75
1787795100000,435.75
1787795400000,435.75
1787795700000,435.75
1787796000000,435.75
1787796300000,435.75
1787796600000,435.75
1787796900000,435.75
1787797200000,435.75
1787797500000,435.75
1787797800000,435.75
1787798100000,435.75
1787798400000,435.75
1787798700000,435.75
1787799000000,435.75
1787799300000,435.75
1787799600000,435.75
1787799900000,435.75
1787800200000,435.75
1787800500000,435.75
1787800800000,435.75
1787801100000,435.75
1787801400000,435.75
1787801700000,435.75
1787802000000,435.75
1787802300000,435.75
1787802600000,435.75
1787802900000,435.75
1787803200000,435.75
1787803500000,435.75
1787803800000,435.75
1787804100000,435.75
1787804400000,435.75
1787804700000,435.75
1787805000000,435.75
1787805300000,435.75
1787805600000,435.75
1787805900000,435.75
1787806200000,435.75
1787806500000,435.75
1787806800000,435.75
1787807100000,435.75
1787807400000,435.75
1787807700000,435.75
1787808000000,435.75
1787808300000,435.75
1787808600000,435.75
1787808900000,435.75
1787809200000,435.75
1787809500000,435.75
1787809800000,435.75
1787810100000,435.75
1787810400000,435.75
1787810700000,435.75
1787811000000,435.75
1787811300000,435.75
1787811600000,435.75
1787811900000,435.75
1787812200000,435.75
1787812500000,435.75
1787812800000,435.75
1787813100000,435.75
1787813400000,435.75
1787813700000,435.75
1787814000000,435.75
1787814300000,435.75
1787814600000,435.75
1787814900000,435.75
1787815200000,435.75
1787815500000,435.75
1787815800000,435.75
1787816100000,435.75
1787816400000,435.75
1787816700000,435.75
1787817000000,435.75
1787817300000,435.75
1787817600000,435.75
1787817900000,435.75
1787818200000,435.75
1787818500000,435.75
1787818800000,435.75
1787819100000,435.75
1787819400000,435.75
1787819700000,435.75
1787820000000,435.75
1787820300000,435.75
1787820600000,435.75
1787820900000,435.75
1787821200000,435.75
1787821500000,435.75
1787821800000,435.75
1787822100000,435.75
1787822400000,435.75
1787822700000,435.75
1787823000000,435.75
1787823300000,435.75
1787823600000,435.75
1787823900000,435.75
1787824200000,435.75
1787824500000,435.75
1787824800000,435.75
1787825100000,435.75
1787825400000,435.75
1787825700000,435.75
1787826000000,435.75
1787826300000,435.75
1787826600000,435.75
1787826900000,435.75
1787827200000,435.75
1787827500000,435.75
1787827800000,435.75
1787828100000,435.75
1787828400000,435.75
1787828700000,435.75
1787829000000,435.75
1787829300000,435.75
1787829600000,435.75
1787829900000,435.75
1787830200000,435.75
1787830500000,435.75
1787830800000,435.75
1787831100000,435.75
1787831400000,435.75
1787831700000,435.75
1787832000000,435.75
1787832300000,435.75
1787832600000,435.75
1787832900000,435.75
1787833200000,435.75
1787833500000,435.75
1787833800000,435.75
1787834100000,435.75
1787834400000,435.75
1787834700000,435.75
1787835000000,435.75
1787835300000,435.75
1787835600000,435.75
1787835900000,435.75
1787836200000,435.75
1787836500000,435.75
1787836800000,435.75
1787837100000,435.75
1787837400000,435.75
1787837700000,435.75
1787838000000,435.75
1787838300000,435.75
1787838600000,435.75
1787838900000,435.75
1787839200000,435.75
1787839500000,435.75
1787839800000,435.75
1787840100000,435.75
1787840400000,435.75
1787840700000,435.75
1787841000000,435.75
1787841300000,435.75
1787841600000,435.75
1787841900000,435.75
1787842200000,435.75
1787842500000,435.75
1787842800000,435.75
1787843100000,435.75
1787843400000,435.75
1787843700000,435.75
1787844000000,435.75
1787844300000,435.75
1787844600000,435.75
1787844900000,435.75
1787845200000,435.75
1787845500000,435.75
1787845800000,435.75
1787846100000,435.75
1787846400000,435.75
1787846700000,435.75
1787847000000,435.75
1787847300000,435.75
1787847600000,435.75
1787847900000,435.75
1787848200000,435.75
1787848500000,435.75
1787848800000,435.75
1787849100000,435.75
1787849400000,435.75
1787849700000,435.75
1787850000000,435.75
1787850300000,435.75
1787850600000,435.75
1787850900000,435.75
1787851200000,435.75
1787851500000,435.75
1787851800000,435.75
1787852100000,435.75
1787852400000,435.75
1787852700000,435.75
1787853000000,435.75
1787853300000,435.75
1787853600000,435.75
1787853900000,435.75
1787854200000,435.75
1787854500000,435.75
1787854800000,435.75
1787855100000,435.75
1787855400000,435.75
1787855700000,435.75
1787856000000,435.75
1787856300000,435.75
1787856600000,435.75
1787856900000,435.75
1787857200000,435.75
1787857500000,435.75
1787857800000,435.75
1787858100000,435.75
1787858400000,435.75
1787858700000,435.75
1787859000000,435.75
1787859300000,435.75
1787859600000,435.75
1787859900000,435.75
1787860200000,435.75
1787860500000,435.75
1787860800000,435.75
1787861100000,435.75
1787861400000,435.75
1787861700000,435.75
1787862000000,435.75
1787862300000,435.75
1787862600000,435.75
1787862900000,435.75
1787863200000,435.75
1787863500000,435.75
1787863800000,435.75
1787864100000,435.75
1787864400000,435.75
1787864700000,435.75
1787865000000,435.75
1787865300000,435.75
1787865600000,435.75
1787865900000,435.75
1787866200000,435.75
1787866500000,435.75
1787866800000,435.75
1787867100000,435.75
1787867400000,435.75
1787867700000,435.75
1787868000000,435.75
1787868300000,435.75
1787868600000,435.75
1787868900000,435.75
1787869200000,435.75
1787869500000,435.75
1787869800000,435.75
1787870100000,435.75
1787870400000,435.75
1787870700000,435.75
1787871000000,435.75
1787871300000,435.75
1787871600000,435.75
1787871900000,435.75
1787872200000,435.75
1787872500000,435.75
1787872800000,435.75
1787873100000,435.75
1787873400000,435.75
1787873700000,435.75
1787874000000,435.75
1787874300000,435.75
1787874600000,435.75
1787874900000,435.75
1787875200000,435.75
1787875500000,435.75
1787875800000,435.75
1787876100000,435.75
1787876400000,435.75
1787876700000,435.75
1787877000000,435.75
1787877300000,435.75
1787877600000,435.75
1787877900000,435.75
1787878200000,435.75
1787878500000,435.75
1787878800000,435.75
1787879100000,435.75
1787879400000,435.75
1787879700000,435.75
1787880000000,435.75
1787880300000,435.75
1787880600000,435.75
1787880900000,435.75
1787881200000,435.75
1787881500000,435.75
1787881800000,435.75
1787882100000,435.75
1787882400000,435.75
1787882700000,435.75
1787883000000,435.75
1787883300000,435.75
1787883600000,435.75
1787883900000,435.75
1787884200000,435.75
1787884500000,435.75
1787884800000,435.75
1787885100000,435.75
1787885400000,435.75
1787885700000,435.75
1787886000000,435.75
1787886300000,435.75
1787886600000,435.75
1787886900000,435.75
1787887200000,435.75
1787887500000,435.75
1787887800000,435.75
1787888100000,435.75
1787888400000,435.75
1787888700000,435.75
1787889000000,435.75
1787889300000,435.75
1787889600000,435.75
1787889900000,435.75
1787890200000,435.75
1787890500000,435.75
1787890800000,435.75
1787891100000,435.75
1787891400000,435.75
1787891700000,435.75
1787892000000,435.75
1787892300000,435.75
1787892600000,435.75
1787892900000,435.75
1787893200000,435.75
1787893500000,435.75
1787893800000,435.75
1787894100000,435.75
1787894400000,435.75
1787894700000,435.75
1787895000000,435.75
1787895300000,435.75
1787895600000,435.75
1787895900000,435.75
1787896200000,435.75
1787896500000,435.75
1787896800000,435.75
1787897100000,435.75
1787897400000,435.75
1787897700000,435.75
1787898000000,435.75
1787898300000,435.75
1787898600000,435.75
1787898900000,435.75
1787899200000,435.75
1787899500000,435.75
1787899800000,435.75
1787900100000,435.75
1787900400000,435.75
1787900700000,435.75
1787901000000,435.75
1787901300000,435.75
1787901600000,435.75
1787901900000,435.75
1787902200000,435.75
1787902500000,435.75
1787902800000,435.75
1787903100000,435.75
1787903400000,435.75
1787903700000,435.75
1787904000000,435.75
1787904300000,435.75
1787904600000,435.75
1787904900000,435.75
1787905200000,435.75
1787905500000,435.75
1787905800000,435.75
1787906100000,435.75
1787906400000,435.75
1787906700000,435.75
1787907000000,435.75
1787907300000,435.75
1787907600000,435.75
1787907900000,435.75
1787908200000,435.75
1787908500000,435.75
1787908800000,435.75
1787909100000,435.75
1787909400000,435.75
1787909700000,435.75
1787910000000,435.75
1787910300000,435.75
1787910600000,435.75
1787910900000,435.75
1787911200000,435.75
1787911500000,435.75
1787911800000,435.75
1787912100000,435.75
1787912400000,435.75
1787912700000,435.75
1787913000000,435.75
1787913300000,435.75
1787913600000,435.75
1787913900000,435.75
1787914200000,435.75
1787914500000,435.75
1787914800000,435.75
1787915100000,435.75
1787915400000,435.75
1787915700000,435.75
1787916000000,435.75
1787916300000,435.75
1787916600000,435.75
1787916900000,435.75
1787917200000,435.75
1787917500000,435.75
1787917800000,435.75
1787918100000,435.75
1787918400000,435.75
1787918700000,435.75
1787919000000,435.75
1787919300000,435.75
1787919600000,435.75
1787919900000,435.75
1787920200000,435.75
1787920500000,435.75
1787920800000,435.75
1787921100000,435.75
1787921400000,435.75
1787921700000,435.75
1787922000000,435.75
1787922300000,435.75
1787922600000,435.75
1787922900000,435.75
1787923200000,435.75
1787923500000,435.75
1787923800000,435.75
1787924100000,435.75
1787924400000,435.75
1787924700000,435.75
1787925000000,435.75
1787925300000,435.75
1787925600000,435.75
1787925900000,435.75
1787926200000,435.75
1787926500000,435.75
1787926800000,435.75
1787927100000,435.75
1787927400000,435.75
1787927700000,435.75
1787928000000,435.75
1787928300000,435.75
1787928600000,435.75
1787928900000,435.75
1787929200000,435.75
1787929500000,435.75
1787929800000,435.75
1787930100000,435.75
1787930400000,435.75
1787930700000,435.75
1787931000000,435.75
1787931300000,435.75
1787931600000,435.75
1787931900000,435.75
1787932200000,435.75
1787932500000,435.75
1787932800000,435.75
1787933100000,435.75
1787933400000,435.75
1787933700000,435.75
1787934000000,435.75
1787934300000,435.75
1787934600000,435.75
1787934900000,435.75
1787935200000,435.75
1787935500000,435.75
1787935800000,435.75
1787936100000,435.75
1787936400000,435.75
1787936700000,435.75
1787937000000,435.75
1787937300000,435.75
1787937600000,435.75
1787937900000,435.75
1787938200000,435.75
1787938500000,435.75
1787938800000,435.75
1787939100000,435.75
1787939400000,435.75
1787939700000,435.75
1787940000000,435.75
1787940300000,435.75
1787940600000,435.75
1787940900000,435.75
1787941200000,435.75
1787941500000,435.75
1787941800000,435.75
1787942100000,435.75
1787942400000,435.75
1787942700000,435.75
1787943000000,435.75
1787943300000,435.75
1787943600000,435.75
1787943900000,435.75
1787944200000,435.75
1787944500000,435.75
1787944800000,435.75
1787945100000,435.75
1787945400000,435.75
1787945700000,435.75
1787946000000,435.75
1787946300000,435.75
1787946600000,435.75
1787946900000,435.75
1787947200000,435.75
1787947500000,435.75
1787947800000,435.75
1787948100000,435.75
1787948400000,435.75
1787948700000,435.75
1787949000000,435.75
1787949300000,435.75
1787949600000,435.75
1787949900000,435.75
1787950200000,435.75
1787950500000,435.75